{
    "@context": "https://w3id.org/openbadges/v2",
    "type": "Assertion",
    "id": "https://ai4goodmx.github.io/badges-ai4goodmx/badges/assertions/maria.gonzalez@csanlorenzo.com.ar.json",
    "recipient": {
        "type": "email",
        "identity": "maria.gonzalez@csanlorenzo.com.ar",
        "hashed": false
    },
    "badge": "https://ai4goodmx.github.io/badges-ai4goodmx/badges/advanced_ai/ml_techniques_in_python.json",
    "verification": {
        "type": "hosted"
    },
    "issuedOn": "2025-01-23T00:00:00",
    "evidence": "",
    "image": "https://ai4goodmx.github.io/badges-ai4goodmx/badges/Maria_Giselle_Gonzalez_Hermosilla.png"
}